country,country_code,area_type,area,representative_city,latitude,longitude,date,temp_min,temp_max,precipitation_mm,precipitation_probability,weather_code,weather
Belgium,BE,Province,Antwerp Province,Antwerp,51.22047,4.40026,2026-08-20,15.8,21.0,1.5,100,53,Moderate drizzle
Belgium,BE,Province,Antwerp Province,Antwerp,51.22047,4.40026,2026-08-21,14.8,20.0,10.4,100,63,Moderate rain
Belgium,BE,Province,Antwerp Province,Antwerp,51.22047,4.40026,2026-08-22,14.4,19.8,5.7,59,63,Moderate rain
Belgium,BE,Province,Antwerp Province,Antwerp,51.22047,4.40026,2026-08-23,12.3,19.8,0.8,12,51,Light drizzle
Belgium,BE,Province,Antwerp Province,Antwerp,51.22047,4.40026,2026-08-24,12.1,21.1,0.0,16,2,Partly cloudy
Belgium,BE,Province,Antwerp Province,Antwerp,51.22047,4.40026,2026-08-25,14.3,26.6,5.1,43,95,Thunderstorm
Belgium,BE,Province,Antwerp Province,Antwerp,51.22047,4.40026,2026-08-26,17.6,24.9,0.0,27,3,Overcast
Belgium,BE,Region,Brussels-Capital Region,Brussels,50.85045,4.34878,2026-08-20,15.5,21.7,0.2,100,51,Light drizzle
Belgium,BE,Region,Brussels-Capital Region,Brussels,50.85045,4.34878,2026-08-21,14.9,21.2,0.2,100,51,Light drizzle
Belgium,BE,Region,Brussels-Capital Region,Brussels,50.85045,4.34878,2026-08-22,13.3,20.1,0.5,65,51,Light drizzle
Belgium,BE,Region,Brussels-Capital Region,Brussels,50.85045,4.34878,2026-08-23,10.7,19.2,0.0,8,3,Overcast
Belgium,BE,Region,Brussels-Capital Region,Brussels,50.85045,4.34878,2026-08-24,11.2,21.3,0.0,18,3,Overcast
Belgium,BE,Region,Brussels-Capital Region,Brussels,50.85045,4.34878,2026-08-25,13.8,27.6,10.2,42,95,Thunderstorm
Belgium,BE,Region,Brussels-Capital Region,Brussels,50.85045,4.34878,2026-08-26,17.2,25.4,0.0,22,2,Partly cloudy
Belgium,BE,Province,East Flanders Province,Ghent,51.05,3.71667,2026-08-20,15.3,20.9,5.3,100,63,Moderate rain
Belgium,BE,Province,East Flanders Province,Ghent,51.05,3.71667,2026-08-21,14.6,18.2,5.8,100,63,Moderate rain
Belgium,BE,Province,East Flanders Province,Ghent,51.05,3.71667,2026-08-22,12.7,19.1,5.2,60,61,Light rain
Belgium,BE,Province,East Flanders Province,Ghent,51.05,3.71667,2026-08-23,11.4,19.2,0.8,17,51,Light drizzle
Belgium,BE,Province,East Flanders Province,Ghent,51.05,3.71667,2026-08-24,11.5,21.0,0.0,12,3,Overcast
Belgium,BE,Province,East Flanders Province,Ghent,51.05,3.71667,2026-08-25,14.0,26.3,8.4,47,96,Thunderstorm with light hail
Belgium,BE,Province,East Flanders Province,Ghent,51.05,3.71667,2026-08-26,17.2,25.0,0.0,29,3,Overcast
Belgium,BE,Province,Flemish Brabant Province,Leuven,50.87959,4.70093,2026-08-20,15.4,21.6,0.2,100,51,Light drizzle
Belgium,BE,Province,Flemish Brabant Province,Leuven,50.87959,4.70093,2026-08-21,14.4,20.2,1.8,100,55,Dense drizzle
Belgium,BE,Province,Flemish Brabant Province,Leuven,50.87959,4.70093,2026-08-22,13.6,19.6,3.9,59,61,Light rain
Belgium,BE,Province,Flemish Brabant Province,Leuven,50.87959,4.70093,2026-08-23,10.1,19.2,0.4,10,51,Light drizzle
Belgium,BE,Province,Flemish Brabant Province,Leuven,50.87959,4.70093,2026-08-24,10.5,21.5,0.0,14,3,Overcast
Belgium,BE,Province,Flemish Brabant Province,Leuven,50.87959,4.70093,2026-08-25,13.4,27.8,7.8,43,96,Thunderstorm with light hail
Belgium,BE,Province,Flemish Brabant Province,Leuven,50.87959,4.70093,2026-08-26,17.3,25.7,0.0,22,3,Overcast
Belgium,BE,Province,Hainaut Province,Mons,50.45413,3.95229,2026-08-20,15.1,21.5,0.1,100,51,Light drizzle
Belgium,BE,Province,Hainaut Province,Mons,50.45413,3.95229,2026-08-21,14.2,19.4,10.4,100,63,Moderate rain
Belgium,BE,Province,Hainaut Province,Mons,50.45413,3.95229,2026-08-22,11.8,19.0,1.9,51,55,Dense drizzle
Belgium,BE,Province,Hainaut Province,Mons,50.45413,3.95229,2026-08-23,9.5,19.6,0.0,4,3,Overcast
Belgium,BE,Province,Hainaut Province,Mons,50.45413,3.95229,2026-08-24,11.4,22.8,0.0,20,3,Overcast
Belgium,BE,Province,Hainaut Province,Mons,50.45413,3.95229,2026-08-25,14.9,27.4,12.0,44,95,Thunderstorm
Belgium,BE,Province,Hainaut Province,Mons,50.45413,3.95229,2026-08-26,17.1,25.3,0.0,27,3,Overcast
Belgium,BE,Province,Limburg Province,Hasselt,50.93106,5.33781,2026-08-20,15.1,21.7,0.7,98,51,Light drizzle
Belgium,BE,Province,Limburg Province,Hasselt,50.93106,5.33781,2026-08-21,14.1,21.3,5.3,100,63,Moderate rain
Belgium,BE,Province,Limburg Province,Hasselt,50.93106,5.33781,2026-08-22,13.6,19.7,0.9,66,53,Moderate drizzle
Belgium,BE,Province,Limburg Province,Hasselt,50.93106,5.33781,2026-08-23,9.9,19.4,0.1,8,51,Light drizzle
Belgium,BE,Province,Limburg Province,Hasselt,50.93106,5.33781,2026-08-24,11.2,21.5,0.0,14,3,Overcast
Belgium,BE,Province,Limburg Province,Hasselt,50.93106,5.33781,2026-08-25,13.6,27.8,7.5,37,96,Thunderstorm with light hail
Belgium,BE,Province,Limburg Province,Hasselt,50.93106,5.33781,2026-08-26,17.6,25.6,0.0,20,3,Overcast
Belgium,BE,Province,Liège Province,Liège,50.63373,5.56749,2026-08-20,16.1,22.4,0.7,85,53,Moderate drizzle
Belgium,BE,Province,Liège Province,Liège,50.63373,5.56749,2026-08-21,15.0,21.3,0.0,99,3,Overcast
Belgium,BE,Province,Liège Province,Liège,50.63373,5.56749,2026-08-22,13.2,19.6,3.6,58,63,Moderate rain
Belgium,BE,Province,Liège Province,Liège,50.63373,5.56749,2026-08-23,9.5,18.5,0.0,6,3,Overcast
Belgium,BE,Province,Liège Province,Liège,50.63373,5.56749,2026-08-24,10.6,22.4,0.0,14,3,Overcast
Belgium,BE,Province,Liège Province,Liège,50.63373,5.56749,2026-08-25,13.9,27.1,2.7,49,51,Light drizzle
Belgium,BE,Province,Liège Province,Liège,50.63373,5.56749,2026-08-26,17.5,25.5,0.0,22,3,Overcast
Belgium,BE,Province,Luxembourg Province,Arlon,49.68333,5.81667,2026-08-20,14.0,19.8,1.3,94,61,Light rain
Belgium,BE,Province,Luxembourg Province,Arlon,49.68333,5.81667,2026-08-21,11.3,19.1,4.1,75,63,Moderate rain
Belgium,BE,Province,Luxembourg Province,Arlon,49.68333,5.81667,2026-08-22,9.2,17.7,0.3,45,51,Light drizzle
Belgium,BE,Province,Luxembourg Province,Arlon,49.68333,5.81667,2026-08-23,9.3,20.0,0.0,0,3,Overcast
Belgium,BE,Province,Luxembourg Province,Arlon,49.68333,5.81667,2026-08-24,9.9,23.3,0.0,27,3,Overcast
Belgium,BE,Province,Luxembourg Province,Arlon,49.68333,5.81667,2026-08-25,14.8,26.3,6.3,63,80,Light rain showers
Belgium,BE,Province,Luxembourg Province,Arlon,49.68333,5.81667,2026-08-26,16.2,25.1,0.3,31,51,Light drizzle
Belgium,BE,Province,Namur Province,Namur,50.4669,4.86746,2026-08-20,15.0,20.9,1.3,88,53,Moderate drizzle
Belgium,BE,Province,Namur Province,Namur,50.4669,4.86746,2026-08-21,13.2,20.9,0.1,100,51,Light drizzle
Belgium,BE,Province,Namur Province,Namur,50.4669,4.86746,2026-08-22,12.1,19.6,1.1,59,55,Dense drizzle
Belgium,BE,Province,Namur Province,Namur,50.4669,4.86746,2026-08-23,9.3,18.6,0.0,2,3,Overcast
Belgium,BE,Province,Namur Province,Namur,50.4669,4.86746,2026-08-24,10.6,23.0,0.0,16,3,Overcast
Belgium,BE,Province,Namur Province,Namur,50.4669,4.86746,2026-08-25,14.6,26.2,5.7,45,55,Dense drizzle
Belgium,BE,Province,Namur Province,Namur,50.4669,4.86746,2026-08-26,17.2,25.5,0.0,21,3,Overcast
Belgium,BE,Province,Walloon Brabant Province,Wavre,50.71717,4.60138,2026-08-20,14.8,20.6,1.9,96,53,Moderate drizzle
Belgium,BE,Province,Walloon Brabant Province,Wavre,50.71717,4.60138,2026-08-21,13.4,18.2,9.1,100,63,Moderate rain
Belgium,BE,Province,Walloon Brabant Province,Wavre,50.71717,4.60138,2026-08-22,11.4,18.6,0.1,68,51,Light drizzle
Belgium,BE,Province,Walloon Brabant Province,Wavre,50.71717,4.60138,2026-08-23,9.8,18.5,0.0,10,3,Overcast
Belgium,BE,Province,Walloon Brabant Province,Wavre,50.71717,4.60138,2026-08-24,10.3,21.1,0.0,12,3,Overcast
Belgium,BE,Province,Walloon Brabant Province,Wavre,50.71717,4.60138,2026-08-25,13.6,27.5,3.6,43,51,Light drizzle
Belgium,BE,Province,Walloon Brabant Province,Wavre,50.71717,4.60138,2026-08-26,17.1,25.4,0.0,22,3,Overcast
Belgium,BE,Province,West Flanders Province,Bruges,51.20892,3.22424,2026-08-20,15.6,21.7,3.4,100,61,Light rain
Belgium,BE,Province,West Flanders Province,Bruges,51.20892,3.22424,2026-08-21,15.1,19.1,10.9,92,63,Moderate rain
Belgium,BE,Province,West Flanders Province,Bruges,51.20892,3.22424,2026-08-22,12.7,19.0,20.8,96,63,Moderate rain
Belgium,BE,Province,West Flanders Province,Bruges,51.20892,3.22424,2026-08-23,10.3,18.9,1.5,20,53,Moderate drizzle
Belgium,BE,Province,West Flanders Province,Bruges,51.20892,3.22424,2026-08-24,10.7,21.2,0.0,12,3,Overcast
Belgium,BE,Province,West Flanders Province,Bruges,51.20892,3.22424,2026-08-25,13.8,26.1,10.5,47,96,Thunderstorm with light hail
Belgium,BE,Province,West Flanders Province,Bruges,51.20892,3.22424,2026-08-26,16.8,24.8,0.0,34,3,Overcast
Moldova,MD,Raion,Anenii Noi Raion,Anenii Noi,46.87795,29.23503,2026-08-20,14.1,33.7,0.0,0,3,Overcast
Moldova,MD,Raion,Anenii Noi Raion,Anenii Noi,46.87795,29.23503,2026-08-21,19.8,34.4,0.0,0,0,Clear sky
Moldova,MD,Raion,Anenii Noi Raion,Anenii Noi,46.87795,29.23503,2026-08-22,16.3,33.7,0.0,0,1,Mainly clear
Moldova,MD,Raion,Anenii Noi Raion,Anenii Noi,46.87795,29.23503,2026-08-23,19.0,31.3,1.3,20,80,Light rain showers
Moldova,MD,Raion,Anenii Noi Raion,Anenii Noi,46.87795,29.23503,2026-08-24,17.0,24.9,0.0,10,3,Overcast
Moldova,MD,Raion,Anenii Noi Raion,Anenii Noi,46.87795,29.23503,2026-08-25,15.1,29.6,0.0,15,3,Overcast
Moldova,MD,Raion,Anenii Noi Raion,Anenii Noi,46.87795,29.23503,2026-08-26,17.2,28.7,0.0,30,3,Overcast
Moldova,MD,Raion,Basarabeasca Raion,Basarabeasca,46.33352,28.96165,2026-08-20,15.2,33.4,0.0,0,1,Mainly clear
Moldova,MD,Raion,Basarabeasca Raion,Basarabeasca,46.33352,28.96165,2026-08-21,19.5,33.2,0.0,0,0,Clear sky
Moldova,MD,Raion,Basarabeasca Raion,Basarabeasca,46.33352,28.96165,2026-08-22,15.8,32.9,0.0,0,1,Mainly clear
Moldova,MD,Raion,Basarabeasca Raion,Basarabeasca,46.33352,28.96165,2026-08-23,19.5,31.6,0.7,20,80,Light rain showers
Moldova,MD,Raion,Basarabeasca Raion,Basarabeasca,46.33352,28.96165,2026-08-24,17.0,22.0,4.8,20,61,Light rain
Moldova,MD,Raion,Basarabeasca Raion,Basarabeasca,46.33352,28.96165,2026-08-25,14.6,29.5,0.0,8,2,Partly cloudy
Moldova,MD,Raion,Basarabeasca Raion,Basarabeasca,46.33352,28.96165,2026-08-26,17.2,27.8,0.0,33,3,Overcast
Moldova,MD,Raion,Briceni Raion,Briceni,48.36302,27.07847,2026-08-20,14.3,31.0,0.0,0,3,Overcast
Moldova,MD,Raion,Briceni Raion,Briceni,48.36302,27.07847,2026-08-21,19.7,35.3,0.0,0,2,Partly cloudy
Moldova,MD,Raion,Briceni Raion,Briceni,48.36302,27.07847,2026-08-22,18.6,32.9,0.0,38,3,Overcast
Moldova,MD,Raion,Briceni Raion,Briceni,48.36302,27.07847,2026-08-23,17.5,24.8,0.0,13,3,Overcast
Moldova,MD,Raion,Briceni Raion,Briceni,48.36302,27.07847,2026-08-24,15.4,23.1,0.0,15,3,Overcast
Moldova,MD,Raion,Briceni Raion,Briceni,48.36302,27.07847,2026-08-25,13.9,24.3,0.0,13,2,Partly cloudy
Moldova,MD,Raion,Briceni Raion,Briceni,48.36302,27.07847,2026-08-26,14.5,25.5,0.0,25,2,Partly cloudy
Moldova,MD,Municipality,Bălți Municipality,Bălți,47.76291,27.92854,2026-08-20,13.2,32.8,0.0,0,3,Overcast
Moldova,MD,Municipality,Bălți Municipality,Bălți,47.76291,27.92854,2026-08-21,19.8,36.1,0.0,0,0,Clear sky
Moldova,MD,Municipality,Bălți Municipality,Bălți,47.76291,27.92854,2026-08-22,19.0,34.1,0.1,13,3,Overcast
Moldova,MD,Municipality,Bălți Municipality,Bălți,47.76291,27.92854,2026-08-23,19.1,27.8,0.1,23,3,Overcast
Moldova,MD,Municipality,Bălți Municipality,Bălți,47.76291,27.92854,2026-08-24,17.0,26.1,0.0,20,3,Overcast
Moldova,MD,Municipality,Bălți Municipality,Bălți,47.76291,27.92854,2026-08-25,14.1,27.4,0.2,14,3,Overcast
Moldova,MD,Municipality,Bălți Municipality,Bălți,47.76291,27.92854,2026-08-26,16.4,26.3,5.2,30,95,Thunderstorm
Moldova,MD,Raion,Cahul Raion,Cahul,45.90456,28.19516,2026-08-20,17.1,33.3,0.0,0,0,Clear sky
Moldova,MD,Raion,Cahul Raion,Cahul,45.90456,28.19516,2026-08-21,19.0,32.9,0.0,0,0,Clear sky
Moldova,MD,Raion,Cahul Raion,Cahul,45.90456,28.19516,2026-08-22,17.0,32.2,0.0,0,45,Fog
Moldova,MD,Raion,Cahul Raion,Cahul,45.90456,28.19516,2026-08-23,21.0,31.1,1.8,19,95,Thunderstorm
Moldova,MD,Raion,Cahul Raion,Cahul,45.90456,28.19516,2026-08-24,17.7,22.6,7.2,19,61,Light rain
Moldova,MD,Raion,Cahul Raion,Cahul,45.90456,28.19516,2026-08-25,15.7,28.4,0.0,13,3,Overcast
Moldova,MD,Raion,Cahul Raion,Cahul,45.90456,28.19516,2026-08-26,18.3,25.6,0.0,45,3,Overcast
Moldova,MD,Raion,Cantemir Raion,Cantemir,46.27749,28.20052,2026-08-20,16.5,33.8,0.0,0,0,Clear sky
Moldova,MD,Raion,Cantemir Raion,Cantemir,46.27749,28.20052,2026-08-21,20.3,34.5,0.0,0,1,Mainly clear
Moldova,MD,Raion,Cantemir Raion,Cantemir,46.27749,28.20052,2026-08-22,16.7,33.3,0.0,0,2,Partly cloudy
Moldova,MD,Raion,Cantemir Raion,Cantemir,46.27749,28.20052,2026-08-23,21.2,31.2,0.0,23,3,Overcast
Moldova,MD,Raion,Cantemir Raion,Cantemir,46.27749,28.20052,2026-08-24,17.8,21.9,4.5,23,61,Light rain
Moldova,MD,Raion,Cantemir Raion,Cantemir,46.27749,28.20052,2026-08-25,14.0,29.4,0.0,7,45,Fog
Moldova,MD,Raion,Cantemir Raion,Cantemir,46.27749,28.20052,2026-08-26,17.3,26.7,0.3,35,3,Overcast
Moldova,MD,Municipality,Chișinău Municipality,Chișinău,47.00902,28.85938,2026-08-20,16.1,33.0,0.0,0,1,Mainly clear
Moldova,MD,Municipality,Chișinău Municipality,Chișinău,47.00902,28.85938,2026-08-21,19.3,34.8,0.0,0,1,Mainly clear
Moldova,MD,Municipality,Chișinău Municipality,Chișinău,47.00902,28.85938,2026-08-22,16.8,33.7,0.0,0,0,Clear sky
Moldova,MD,Municipality,Chișinău Municipality,Chișinău,47.00902,28.85938,2026-08-23,20.8,30.3,1.0,28,80,Light rain showers
Moldova,MD,Municipality,Chișinău Municipality,Chișinău,47.00902,28.85938,2026-08-24,19.2,25.2,0.0,8,3,Overcast
Moldova,MD,Municipality,Chișinău Municipality,Chișinău,47.00902,28.85938,2026-08-25,16.4,29.4,0.0,18,3,Overcast
Moldova,MD,Municipality,Chișinău Municipality,Chișinău,47.00902,28.85938,2026-08-26,17.1,25.9,4.8,40,80,Light rain showers
Moldova,MD,Raion,Cimișlia Raion,Cimișlia,46.52629,28.7649,2026-08-20,15.4,33.4,0.0,0,3,Overcast
Moldova,MD,Raion,Cimișlia Raion,Cimișlia,46.52629,28.7649,2026-08-21,18.9,34.0,0.0,0,1,Mainly clear
Moldova,MD,Raion,Cimișlia Raion,Cimișlia,46.52629,28.7649,2026-08-22,16.0,33.3,0.0,0,0,Clear sky
Moldova,MD,Raion,Cimișlia Raion,Cimișlia,46.52629,28.7649,2026-08-23,20.4,31.3,1.7,28,95,Thunderstorm
Moldova,MD,Raion,Cimișlia Raion,Cimișlia,46.52629,28.7649,2026-08-24,16.8,22.9,0.3,18,3,Overcast
Moldova,MD,Raion,Cimișlia Raion,Cimișlia,46.52629,28.7649,2026-08-25,14.2,29.3,0.0,10,2,Partly cloudy
Moldova,MD,Raion,Cimișlia Raion,Cimișlia,46.52629,28.7649,2026-08-26,16.7,27.2,0.6,30,3,Overcast
Moldova,MD,Raion,Criuleni Raion,Criuleni,47.2134,29.15847,2026-08-20,15.2,33.4,0.0,0,1,Mainly clear
Moldova,MD,Raion,Criuleni Raion,Criuleni,47.2134,29.15847,2026-08-21,19.0,35.0,0.0,0,0,Clear sky
Moldova,MD,Raion,Criuleni Raion,Criuleni,47.2134,29.15847,2026-08-22,16.3,34.1,0.0,0,0,Clear sky
Moldova,MD,Raion,Criuleni Raion,Criuleni,47.2134,29.15847,2026-08-23,21.0,31.0,0.3,20,3,Overcast
Moldova,MD,Raion,Criuleni Raion,Criuleni,47.2134,29.15847,2026-08-24,17.3,26.1,0.0,13,3,Overcast
Moldova,MD,Raion,Criuleni Raion,Criuleni,47.2134,29.15847,2026-08-25,14.3,29.1,0.0,15,3,Overcast
Moldova,MD,Raion,Criuleni Raion,Criuleni,47.2134,29.15847,2026-08-26,16.3,26.5,4.8,33,80,Light rain showers
Moldova,MD,Raion,Călărași Raion,Călărași,47.25548,28.30953,2026-08-20,14.8,33.0,0.0,0,1,Mainly clear
Moldova,MD,Raion,Călărași Raion,Călărași,47.25548,28.30953,2026-08-21,20.8,35.4,0.0,0,1,Mainly clear
Moldova,MD,Raion,Călărași Raion,Călărași,47.25548,28.30953,2026-08-22,17.4,34.0,0.1,0,3,Overcast
Moldova,MD,Raion,Călărași Raion,Călărași,47.25548,28.30953,2026-08-23,19.0,29.0,0.1,23,3,Overcast
Moldova,MD,Raion,Călărași Raion,Călărași,47.25548,28.30953,2026-08-24,16.7,26.0,0.0,11,3,Overcast
Moldova,MD,Raion,Călărași Raion,Călărași,47.25548,28.30953,2026-08-25,15.6,27.8,0.0,18,3,Overcast
Moldova,MD,Raion,Călărași Raion,Călărași,47.25548,28.30953,2026-08-26,16.4,27.0,0.0,38,3,Overcast
Moldova,MD,Raion,Căușeni Raion,Căușeni,46.63738,29.41087,2026-08-20,16.2,32.8,0.0,0,3,Overcast
Moldova,MD,Raion,Căușeni Raion,Căușeni,46.63738,29.41087,2026-08-21,20.2,32.6,0.0,0,1,Mainly clear
Moldova,MD,Raion,Căușeni Raion,Căușeni,46.63738,29.41087,2026-08-22,16.7,32.5,0.0,0,45,Fog
Moldova,MD,Raion,Căușeni Raion,Căușeni,46.63738,29.41087,2026-08-23,19.8,30.8,0.2,13,3,Overcast
Moldova,MD,Raion,Căușeni Raion,Căușeni,46.63738,29.41087,2026-08-24,16.8,22.2,0.6,18,61,Light rain
Moldova,MD,Raion,Căușeni Raion,Căușeni,46.63738,29.41087,2026-08-25,15.0,29.4,0.0,10,3,Overcast
Moldova,MD,Raion,Căușeni Raion,Căușeni,46.63738,29.41087,2026-08-26,16.9,27.4,0.0,28,3,Overcast
Moldova,MD,Raion,Dondușeni Raion,Dondușeni,48.24268,27.6101,2026-08-20,12.5,31.2,0.0,0,3,Overcast
Moldova,MD,Raion,Dondușeni Raion,Dondușeni,48.24268,27.6101,2026-08-21,19.6,35.6,0.0,0,1,Mainly clear
Moldova,MD,Raion,Dondușeni Raion,Dondușeni,48.24268,27.6101,2026-08-22,17.8,33.4,0.0,36,3,Overcast
Moldova,MD,Raion,Dondușeni Raion,Dondușeni,48.24268,27.6101,2026-08-23,17.4,25.5,0.0,38,3,Overcast
Moldova,MD,Raion,Dondușeni Raion,Dondușeni,48.24268,27.6101,2026-08-24,15.7,23.4,0.0,16,3,Overcast
Moldova,MD,Raion,Dondușeni Raion,Dondușeni,48.24268,27.6101,2026-08-25,13.1,24.7,0.0,14,3,Overcast
Moldova,MD,Raion,Dondușeni Raion,Dondușeni,48.24268,27.6101,2026-08-26,14.4,25.8,0.0,30,3,Overcast
Moldova,MD,Raion,Drochia Raion,Drochia,48.03686,27.81242,2026-08-20,13.0,31.9,0.0,0,3,Overcast
Moldova,MD,Raion,Drochia Raion,Drochia,48.03686,27.81242,2026-08-21,18.8,35.8,0.0,0,2,Partly cloudy
Moldova,MD,Raion,Drochia Raion,Drochia,48.03686,27.81242,2026-08-22,17.9,33.7,0.2,18,80,Light rain showers
Moldova,MD,Raion,Drochia Raion,Drochia,48.03686,27.81242,2026-08-23,17.8,26.3,0.2,24,3,Overcast
Moldova,MD,Raion,Drochia Raion,Drochia,48.03686,27.81242,2026-08-24,16.2,24.1,0.0,23,61,Light rain
Moldova,MD,Raion,Drochia Raion,Drochia,48.03686,27.81242,2026-08-25,13.5,26.5,0.0,18,3,Overcast
Moldova,MD,Raion,Drochia Raion,Drochia,48.03686,27.81242,2026-08-26,15.1,26.2,3.9,30,95,Thunderstorm
Moldova,MD,Raion,Dubăsari Raion,Cocieri,47.3017,29.11755,2026-08-20,15.6,32.8,0.0,0,2,Partly cloudy
Moldova,MD,Raion,Dubăsari Raion,Cocieri,47.3017,29.11755,2026-08-21,19.6,34.5,0.0,0,0,Clear sky
Moldova,MD,Raion,Dubăsari Raion,Cocieri,47.3017,29.11755,2026-08-22,17.3,33.5,0.0,0,0,Clear sky
Moldova,MD,Raion,Dubăsari Raion,Cocieri,47.3017,29.11755,2026-08-23,21.2,29.9,0.3,20,80,Light rain showers
Moldova,MD,Raion,Dubăsari Raion,Cocieri,47.3017,29.11755,2026-08-24,17.7,25.8,0.0,13,3,Overcast
Moldova,MD,Raion,Dubăsari Raion,Cocieri,47.3017,29.11755,2026-08-25,15.4,28.8,0.0,15,3,Overcast
Moldova,MD,Raion,Dubăsari Raion,Cocieri,47.3017,29.11755,2026-08-26,16.0,26.1,4.8,38,80,Light rain showers
Moldova,MD,Raion,Edineț Raion,Edineț,48.17319,27.30075,2026-08-20,13.6,31.6,0.0,0,3,Overcast
Moldova,MD,Raion,Edineț Raion,Edineț,48.17319,27.30075,2026-08-21,19.1,35.7,0.0,0,2,Partly cloudy
Moldova,MD,Raion,Edineț Raion,Edineț,48.17319,27.30075,2026-08-22,18.1,33.6,0.0,33,3,Overcast
Moldova,MD,Raion,Edineț Raion,Edineț,48.17319,27.30075,2026-08-23,17.8,25.5,0.0,23,3,Overcast
Moldova,MD,Raion,Edineț Raion,Edineț,48.17319,27.30075,2026-08-24,15.9,23.7,0.0,18,3,Overcast
Moldova,MD,Raion,Edineț Raion,Edineț,48.17319,27.30075,2026-08-25,13.8,25.7,0.0,14,3,Overcast
Moldova,MD,Raion,Edineț Raion,Edineț,48.17319,27.30075,2026-08-26,14.3,26.2,0.0,30,2,Partly cloudy
Moldova,MD,Raion,Florești Raion,Florești,47.89168,28.29339,2026-08-20,13.9,32.3,0.0,0,3,Overcast
Moldova,MD,Raion,Florești Raion,Florești,47.89168,28.29339,2026-08-21,19.3,35.9,0.0,0,0,Clear sky
Moldova,MD,Raion,Florești Raion,Florești,47.89168,28.29339,2026-08-22,18.3,34.4,0.1,8,3,Overcast
Moldova,MD,Raion,Florești Raion,Florești,47.89168,28.29339,2026-08-23,18.8,27.9,0.1,25,3,Overcast
Moldova,MD,Raion,Florești Raion,Florești,47.89168,28.29339,2026-08-24,16.9,25.6,0.0,22,3,Overcast
Moldova,MD,Raion,Florești Raion,Florești,47.89168,28.29339,2026-08-25,14.0,27.2,0.2,20,80,Light rain showers
Moldova,MD,Raion,Florești Raion,Florești,47.89168,28.29339,2026-08-26,14.5,26.7,3.1,38,80,Light rain showers
Moldova,MD,Raion,Fălești Raion,Fălești,47.57667,27.71264,2026-08-20,13.4,33.2,0.0,0,3,Overcast
Moldova,MD,Raion,Fălești Raion,Fălești,47.57667,27.71264,2026-08-21,20.3,36.2,0.0,0,0,Clear sky
Moldova,MD,Raion,Fălești Raion,Fălești,47.57667,27.71264,2026-08-22,18.9,34.1,0.2,9,80,Light rain showers
Moldova,MD,Raion,Fălești Raion,Fălești,47.57667,27.71264,2026-08-23,18.9,27.7,0.2,25,3,Overcast
Moldova,MD,Raion,Fălești Raion,Fălești,47.57667,27.71264,2026-08-24,17.6,26.2,0.0,16,3,Overcast
Moldova,MD,Raion,Fălești Raion,Fălești,47.57667,27.71264,2026-08-25,14.9,27.1,0.2,14,3,Overcast
Moldova,MD,Raion,Fălești Raion,Fălești,47.57667,27.71264,2026-08-26,16.1,26.4,2.2,35,95,Thunderstorm
Moldova,MD,Autonomous territorial unit,Gagauzia,Comrat,46.29488,28.65713,2026-08-20,15.5,33.5,0.0,0,1,Mainly clear
Moldova,MD,Autonomous territorial unit,Gagauzia,Comrat,46.29488,28.65713,2026-08-21,19.0,33.6,0.0,0,0,Clear sky
Moldova,MD,Autonomous territorial unit,Gagauzia,Comrat,46.29488,28.65713,2026-08-22,16.2,32.9,0.0,0,0,Clear sky
Moldova,MD,Autonomous territorial unit,Gagauzia,Comrat,46.29488,28.65713,2026-08-23,19.8,31.5,1.3,28,80,Light rain showers
Moldova,MD,Autonomous territorial unit,Gagauzia,Comrat,46.29488,28.65713,2026-08-24,17.5,21.6,4.2,20,61,Light rain
Moldova,MD,Autonomous territorial unit,Gagauzia,Comrat,46.29488,28.65713,2026-08-25,13.9,29.3,0.0,8,2,Partly cloudy
Moldova,MD,Autonomous territorial unit,Gagauzia,Comrat,46.29488,28.65713,2026-08-26,16.8,27.1,0.0,35,3,Overcast
Moldova,MD,Raion,Glodeni Raion,Glodeni,47.77467,27.51753,2026-08-20,14.8,32.4,0.0,0,3,Overcast
Moldova,MD,Raion,Glodeni Raion,Glodeni,47.77467,27.51753,2026-08-21,20.3,36.0,0.0,0,0,Clear sky
Moldova,MD,Raion,Glodeni Raion,Glodeni,47.77467,27.51753,2026-08-22,18.8,33.8,0.1,20,3,Overcast
Moldova,MD,Raion,Glodeni Raion,Glodeni,47.77467,27.51753,2026-08-23,18.7,26.8,0.3,23,3,Overcast
Moldova,MD,Raion,Glodeni Raion,Glodeni,47.77467,27.51753,2026-08-24,17.7,25.9,0.0,18,3,Overcast
Moldova,MD,Raion,Glodeni Raion,Glodeni,47.77467,27.51753,2026-08-25,14.9,27.0,0.2,15,3,Overcast
Moldova,MD,Raion,Glodeni Raion,Glodeni,47.77467,27.51753,2026-08-26,15.9,26.4,1.9,30,95,Thunderstorm
Moldova,MD,Raion,Hîncești Raion,Hîncești,46.83089,28.58999,2026-08-20,15.7,32.7,0.0,0,1,Mainly clear
Moldova,MD,Raion,Hîncești Raion,Hîncești,46.83089,28.58999,2026-08-21,19.5,34.4,0.0,0,1,Mainly clear
Moldova,MD,Raion,Hîncești Raion,Hîncești,46.83089,28.58999,2026-08-22,16.6,33.2,0.0,0,2,Partly cloudy
Moldova,MD,Raion,Hîncești Raion,Hîncești,46.83089,28.58999,2026-08-23,20.2,30.6,0.4,33,3,Overcast
Moldova,MD,Raion,Hîncești Raion,Hîncești,46.83089,28.58999,2026-08-24,17.7,25.4,0.3,10,3,Overcast
Moldova,MD,Raion,Hîncești Raion,Hîncești,46.83089,28.58999,2026-08-25,14.7,28.7,0.0,10,2,Partly cloudy
Moldova,MD,Raion,Hîncești Raion,Hîncești,46.83089,28.58999,2026-08-26,17.0,25.7,2.7,38,80,Light rain showers
Moldova,MD,Raion,Ialoveni Raion,Ialoveni,46.94357,28.78153,2026-08-20,15.6,32.9,0.0,0,1,Mainly clear
Moldova,MD,Raion,Ialoveni Raion,Ialoveni,46.94357,28.78153,2026-08-21,19.0,34.7,0.0,0,1,Mainly clear
Moldova,MD,Raion,Ialoveni Raion,Ialoveni,46.94357,28.78153,2026-08-22,16.1,33.7,0.0,0,0,Clear sky
Moldova,MD,Raion,Ialoveni Raion,Ialoveni,46.94357,28.78153,2026-08-23,20.6,30.4,0.9,23,80,Light rain showers
Moldova,MD,Raion,Ialoveni Raion,Ialoveni,46.94357,28.78153,2026-08-24,18.4,25.1,0.0,13,3,Overcast
Moldova,MD,Raion,Ialoveni Raion,Ialoveni,46.94357,28.78153,2026-08-25,15.4,28.9,0.0,13,2,Partly cloudy
Moldova,MD,Raion,Ialoveni Raion,Ialoveni,46.94357,28.78153,2026-08-26,17.1,26.0,5.4,40,80,Light rain showers
Moldova,MD,Raion,Leova Raion,Leova,46.48195,28.25298,2026-08-20,16.2,33.7,0.0,0,2,Partly cloudy
Moldova,MD,Raion,Leova Raion,Leova,46.48195,28.25298,2026-08-21,19.6,34.9,0.0,0,3,Overcast
Moldova,MD,Raion,Leova Raion,Leova,46.48195,28.25298,2026-08-22,17.0,33.5,0.0,0,2,Partly cloudy
Moldova,MD,Raion,Leova Raion,Leova,46.48195,28.25298,2026-08-23,20.9,30.7,0.2,18,80,Light rain showers
Moldova,MD,Raion,Leova Raion,Leova,46.48195,28.25298,2026-08-24,17.3,23.8,0.3,15,3,Overcast
Moldova,MD,Raion,Leova Raion,Leova,46.48195,28.25298,2026-08-25,13.8,29.5,0.0,10,45,Fog
Moldova,MD,Raion,Leova Raion,Leova,46.48195,28.25298,2026-08-26,17.9,26.8,0.6,40,3,Overcast
Moldova,MD,Raion,Nisporeni Raion,Nisporeni,47.08025,28.17098,2026-08-20,15.0,33.0,0.0,0,2,Partly cloudy
Moldova,MD,Raion,Nisporeni Raion,Nisporeni,47.08025,28.17098,2026-08-21,19.7,34.7,0.0,0,1,Mainly clear
Moldova,MD,Raion,Nisporeni Raion,Nisporeni,47.08025,28.17098,2026-08-22,17.0,33.2,0.0,2,3,Overcast
Moldova,MD,Raion,Nisporeni Raion,Nisporeni,47.08025,28.17098,2026-08-23,19.4,29.2,0.4,20,3,Overcast
Moldova,MD,Raion,Nisporeni Raion,Nisporeni,47.08025,28.17098,2026-08-24,18.3,25.6,0.0,13,3,Overcast
Moldova,MD,Raion,Nisporeni Raion,Nisporeni,47.08025,28.17098,2026-08-25,15.6,27.7,0.3,20,3,Overcast
Moldova,MD,Raion,Nisporeni Raion,Nisporeni,47.08025,28.17098,2026-08-26,16.8,26.7,1.2,38,80,Light rain showers
Moldova,MD,Raion,Ocnița Raion,Ocnița,48.38231,27.43864,2026-08-20,14.4,31.1,0.0,0,3,Overcast
Moldova,MD,Raion,Ocnița Raion,Ocnița,48.38231,27.43864,2026-08-21,20.0,35.3,0.0,0,2,Partly cloudy
Moldova,MD,Raion,Ocnița Raion,Ocnița,48.38231,27.43864,2026-08-22,18.3,33.3,0.0,43,3,Overcast
Moldova,MD,Raion,Ocnița Raion,Ocnița,48.38231,27.43864,2026-08-23,17.7,25.0,0.0,33,3,Overcast
Moldova,MD,Raion,Ocnița Raion,Ocnița,48.38231,27.43864,2026-08-24,15.3,23.2,0.0,15,3,Overcast
Moldova,MD,Raion,Ocnița Raion,Ocnița,48.38231,27.43864,2026-08-25,13.3,24.4,0.0,7,2,Partly cloudy
Moldova,MD,Raion,Ocnița Raion,Ocnița,48.38231,27.43864,2026-08-26,14.7,25.5,0.0,23,2,Partly cloudy
Moldova,MD,Raion,Orhei Raion,Orhei,47.38503,28.82535,2026-08-20,13.9,33.4,0.0,0,1,Mainly clear
Moldova,MD,Raion,Orhei Raion,Orhei,47.38503,28.82535,2026-08-21,19.7,35.8,0.0,0,0,Clear sky
Moldova,MD,Raion,Orhei Raion,Orhei,47.38503,28.82535,2026-08-22,17.5,34.5,0.0,0,2,Partly cloudy
Moldova,MD,Raion,Orhei Raion,Orhei,47.38503,28.82535,2026-08-23,19.2,30.2,0.0,20,3,Overcast
Moldova,MD,Raion,Orhei Raion,Orhei,47.38503,28.82535,2026-08-24,16.3,26.3,0.0,15,3,Overcast
Moldova,MD,Raion,Orhei Raion,Orhei,47.38503,28.82535,2026-08-25,13.2,28.1,0.0,19,2,Partly cloudy
Moldova,MD,Raion,Orhei Raion,Orhei,47.38503,28.82535,2026-08-26,16.2,25.8,7.2,43,95,Thunderstorm
Moldova,MD,Raion,Rezina Raion,Rezina,47.74857,28.96769,2026-08-20,13.7,32.8,0.0,0,3,Overcast
Moldova,MD,Raion,Rezina Raion,Rezina,47.74857,28.96769,2026-08-21,18.4,35.7,0.0,0,0,Clear sky
Moldova,MD,Raion,Rezina Raion,Rezina,47.74857,28.96769,2026-08-22,16.1,34.1,0.0,0,3,Overcast
Moldova,MD,Raion,Rezina Raion,Rezina,47.74857,28.96769,2026-08-23,18.9,28.8,0.2,18,3,Overcast
Moldova,MD,Raion,Rezina Raion,Rezina,47.74857,28.96769,2026-08-24,16.2,25.8,0.0,19,3,Overcast
Moldova,MD,Raion,Rezina Raion,Rezina,47.74857,28.96769,2026-08-25,14.8,27.2,0.0,16,2,Partly cloudy
Moldova,MD,Raion,Rezina Raion,Rezina,47.74857,28.96769,2026-08-26,14.8,27.0,1.5,38,3,Overcast
Moldova,MD,Raion,Rîșcani Raion,Rîșcani,47.94829,27.56669,2026-08-20,14.3,32.5,0.0,0,3,Overcast
Moldova,MD,Raion,Rîșcani Raion,Rîșcani,47.94829,27.56669,2026-08-21,19.6,36.2,0.0,0,1,Mainly clear
Moldova,MD,Raion,Rîșcani Raion,Rîșcani,47.94829,27.56669,2026-08-22,18.5,34.2,0.1,18,3,Overcast
Moldova,MD,Raion,Rîșcani Raion,Rîșcani,47.94829,27.56669,2026-08-23,18.6,26.6,0.2,24,80,Light rain showers
Moldova,MD,Raion,Rîșcani Raion,Rîșcani,47.94829,27.56669,2026-08-24,18.0,25.3,0.0,23,3,Overcast
Moldova,MD,Raion,Rîșcani Raion,Rîșcani,47.94829,27.56669,2026-08-25,15.0,27.0,0.0,17,3,Overcast
Moldova,MD,Raion,Rîșcani Raion,Rîșcani,47.94829,27.56669,2026-08-26,15.6,26.7,3.9,29,95,Thunderstorm
Moldova,MD,Raion,Soroca Raion,Soroca,48.15659,28.28489,2026-08-20,12.7,31.6,0.0,0,1,Mainly clear
Moldova,MD,Raion,Soroca Raion,Soroca,48.15659,28.28489,2026-08-21,18.9,35.6,0.0,0,0,Clear sky
Moldova,MD,Raion,Soroca Raion,Soroca,48.15659,28.28489,2026-08-22,17.6,34.0,0.0,13,3,Overcast
Moldova,MD,Raion,Soroca Raion,Soroca,48.15659,28.28489,2026-08-23,17.5,26.8,0.1,28,3,Overcast
Moldova,MD,Raion,Soroca Raion,Soroca,48.15659,28.28489,2026-08-24,14.1,24.5,0.0,19,3,Overcast
Moldova,MD,Raion,Soroca Raion,Soroca,48.15659,28.28489,2026-08-25,12.0,26.3,0.0,15,3,Overcast
Moldova,MD,Raion,Soroca Raion,Soroca,48.15659,28.28489,2026-08-26,15.7,26.3,0.9,30,3,Overcast
Moldova,MD,Raion,Strășeni Raion,Strășeni,47.14216,28.60774,2026-08-20,14.6,33.1,0.0,0,3,Overcast
Moldova,MD,Raion,Strășeni Raion,Strășeni,47.14216,28.60774,2026-08-21,19.6,35.3,0.0,0,0,Clear sky
Moldova,MD,Raion,Strășeni Raion,Strășeni,47.14216,28.60774,2026-08-22,15.9,34.1,0.0,0,1,Mainly clear
Moldova,MD,Raion,Strășeni Raion,Strășeni,47.14216,28.60774,2026-08-23,19.6,30.0,0.4,23,3,Overcast
Moldova,MD,Raion,Strășeni Raion,Strășeni,47.14216,28.60774,2026-08-24,17.3,25.9,0.0,10,3,Overcast
Moldova,MD,Raion,Strășeni Raion,Strășeni,47.14216,28.60774,2026-08-25,14.6,28.7,0.0,18,3,Overcast
Moldova,MD,Raion,Strășeni Raion,Strășeni,47.14216,28.60774,2026-08-26,16.3,26.9,1.8,38,80,Light rain showers
Moldova,MD,Raion,Sîngerei Raion,Sîngerei,47.63694,28.1407,2026-08-20,13.3,33.0,0.0,0,3,Overcast
Moldova,MD,Raion,Sîngerei Raion,Sîngerei,47.63694,28.1407,2026-08-21,18.7,35.9,0.0,0,0,Clear sky
Moldova,MD,Raion,Sîngerei Raion,Sîngerei,47.63694,28.1407,2026-08-22,17.5,34.5,0.4,6,80,Light rain showers
Moldova,MD,Raion,Sîngerei Raion,Sîngerei,47.63694,28.1407,2026-08-23,19.6,28.2,0.0,30,3,Overcast
Moldova,MD,Raion,Sîngerei Raion,Sîngerei,47.63694,28.1407,2026-08-24,17.7,26.3,0.0,18,3,Overcast
Moldova,MD,Raion,Sîngerei Raion,Sîngerei,47.63694,28.1407,2026-08-25,14.2,27.8,0.2,16,3,Overcast
Moldova,MD,Raion,Sîngerei Raion,Sîngerei,47.63694,28.1407,2026-08-26,16.1,26.7,3.4,33,80,Light rain showers
Moldova,MD,Raion,Taraclia Raion,Taraclia,45.90321,28.66628,2026-08-20,17.5,33.0,0.0,0,1,Mainly clear
Moldova,MD,Raion,Taraclia Raion,Taraclia,45.90321,28.66628,2026-08-21,19.9,32.1,0.0,0,0,Clear sky
Moldova,MD,Raion,Taraclia Raion,Taraclia,45.90321,28.66628,2026-08-22,16.7,32.0,0.0,0,1,Mainly clear
Moldova,MD,Raion,Taraclia Raion,Taraclia,45.90321,28.66628,2026-08-23,20.0,31.6,0.8,15,80,Light rain showers
Moldova,MD,Raion,Taraclia Raion,Taraclia,45.90321,28.66628,2026-08-24,16.7,22.5,7.2,18,61,Light rain
Moldova,MD,Raion,Taraclia Raion,Taraclia,45.90321,28.66628,2026-08-25,15.6,28.4,0.0,9,3,Overcast
Moldova,MD,Raion,Taraclia Raion,Taraclia,45.90321,28.66628,2026-08-26,17.7,25.7,0.0,30,3,Overcast
Moldova,MD,Raion,Telenești Raion,Telenești,47.50179,28.36478,2026-08-20,12.9,33.2,0.0,0,2,Partly cloudy
Moldova,MD,Raion,Telenești Raion,Telenești,47.50179,28.36478,2026-08-21,19.5,36.1,0.0,0,0,Clear sky
Moldova,MD,Raion,Telenești Raion,Telenești,47.50179,28.36478,2026-08-22,17.9,34.7,0.0,0,3,Overcast
Moldova,MD,Raion,Telenești Raion,Telenești,47.50179,28.36478,2026-08-23,19.7,28.8,0.0,20,3,Overcast
Moldova,MD,Raion,Telenești Raion,Telenești,47.50179,28.36478,2026-08-24,17.4,26.2,0.0,15,3,Overcast
Moldova,MD,Raion,Telenești Raion,Telenești,47.50179,28.36478,2026-08-25,14.4,27.9,0.0,16,3,Overcast
Moldova,MD,Raion,Telenești Raion,Telenești,47.50179,28.36478,2026-08-26,16.4,27.1,0.6,38,3,Overcast
Moldova,MD,Raion,Ungheni Raion,Ungheni,47.21023,27.80013,2026-08-20,13.5,34.1,0.0,0,2,Partly cloudy
Moldova,MD,Raion,Ungheni Raion,Ungheni,47.21023,27.80013,2026-08-21,20.4,36.2,0.0,0,3,Overcast
Moldova,MD,Raion,Ungheni Raion,Ungheni,47.21023,27.80013,2026-08-22,18.5,34.4,0.0,7,3,Overcast
Moldova,MD,Raion,Ungheni Raion,Ungheni,47.21023,27.80013,2026-08-23,18.7,29.1,0.0,18,3,Overcast
Moldova,MD,Raion,Ungheni Raion,Ungheni,47.21023,27.80013,2026-08-24,16.3,26.6,0.0,14,3,Overcast
Moldova,MD,Raion,Ungheni Raion,Ungheni,47.21023,27.80013,2026-08-25,14.5,28.1,0.0,18,3,Overcast
Moldova,MD,Raion,Ungheni Raion,Ungheni,47.21023,27.80013,2026-08-26,17.8,26.9,0.0,38,3,Overcast
Moldova,MD,Raion,Șoldănești Raion,Șoldănești,47.81618,28.79841,2026-08-20,14.4,32.5,0.0,0,3,Overcast
Moldova,MD,Raion,Șoldănești Raion,Șoldănești,47.81618,28.79841,2026-08-21,19.3,35.5,0.0,0,0,Clear sky
Moldova,MD,Raion,Șoldănești Raion,Șoldănești,47.81618,28.79841,2026-08-22,17.0,33.9,0.0,0,3,Overcast
Moldova,MD,Raion,Șoldănești Raion,Șoldănești,47.81618,28.79841,2026-08-23,19.0,28.0,1.0,20,80,Light rain showers
Moldova,MD,Raion,Șoldănești Raion,Șoldănești,47.81618,28.79841,2026-08-24,17.0,25.6,0.0,17,3,Overcast
Moldova,MD,Raion,Șoldănești Raion,Șoldănești,47.81618,28.79841,2026-08-25,15.6,26.9,0.0,17,3,Overcast
Moldova,MD,Raion,Șoldănești Raion,Șoldănești,47.81618,28.79841,2026-08-26,15.0,26.9,0.9,43,2,Partly cloudy
Moldova,MD,Raion,Ștefan Vodă Raion,Ștefan Vodă,46.51294,29.66223,2026-08-20,16.0,30.7,0.0,0,3,Overcast
Moldova,MD,Raion,Ștefan Vodă Raion,Ștefan Vodă,46.51294,29.66223,2026-08-21,18.8,30.4,0.0,0,1,Mainly clear
Moldova,MD,Raion,Ștefan Vodă Raion,Ștefan Vodă,46.51294,29.66223,2026-08-22,17.2,30.7,0.0,0,1,Mainly clear
Moldova,MD,Raion,Ștefan Vodă Raion,Ștefan Vodă,46.51294,29.66223,2026-08-23,20.2,29.7,0.1,13,3,Overcast
Moldova,MD,Raion,Ștefan Vodă Raion,Ștefan Vodă,46.51294,29.66223,2026-08-24,16.8,21.2,1.2,15,61,Light rain
Moldova,MD,Raion,Ștefan Vodă Raion,Ștefan Vodă,46.51294,29.66223,2026-08-25,15.4,28.1,0.0,10,3,Overcast
Moldova,MD,Raion,Ștefan Vodă Raion,Ștefan Vodă,46.51294,29.66223,2026-08-26,16.1,25.9,0.0,30,3,Overcast
